<?xml version="1.0" encoding="UTF-8" ?>
<beans xmlns="http://www.springframework.org/schema/beans" 
	xmlns:context="http://www.springframework.org/schema/context"
	xmlns:p="http://www.springframework.org/schema/p" 
	xmlns:xsi="http://www.w3.org/2001/XMLSchema-instance"
	xsi:schemaLocation="http://www.springframework.org/schema/beans http://www.springframework.org/schema/beans/spring-beans.xsd 
						http://www.springframework.org/schema/context http://www.springframework.org/schema/context/spring-context-4.3.xsd ">
	<context:annotation-config />
	<context:component-scan base-package="com.iet" />
	<bean id="viewResolver" class="org.springframework.web.servlet.view.InternalResourceViewResolver">
		<property name="prefix" value="/WEB-INF/pages/"></property>
		<property name="suffix" value=".jsp"></property>
	</bean>
	<bean class = "org.springframework.context.support.ResourceBundleMessageSource"
      id = "messageSource">
      <property name = "basename" value = "messages" />
   </bean>
	<bean id="dataSource" class="org.apache.commons.dbcp.BasicDataSource">
		<property name="driverClassName" value="com.mysql.cj.jdbc.Driver"></property>
		<property name="url" value="jdbc:mysql://192.168.10.71:3307/dac60?useSSL=false"></property>
		<property name="username" value="dac60"></property>
		<property name="password" value="welcome"></property>
	</bean>
	<bean id="sessionFactory" class="org.springframework.orm.hibernate5.LocalSessionFactoryBean"
	p:packagesToScan="com.iet.model" p:dataSource-ref="dataSource">
	<property name="hibernateProperties">
			<value>
				hibernate.dialect=org.hibernate.dialect.MySQL8Dialect
				hibernate.show_sql=true
				hibernate.format_sql=true
				hibernate.hbm2ddl.auto=create
			</value>
		</property>
	</bean>
</beans>