<?xml version="1.0" encoding="UTF-8"?>
<!DOCTYPE hibernate-mapping PUBLIC  
 "-//Hibernate/Hibernate Mapping DTD 5.3//EN"  
 "http://hibernate.sourceforge.net/hibernate-mapping-5.3.dtd">  
  
 <hibernate-mapping>  
 <class name="com.training.beans.MyUser" table="MyUesrTab">  
 <id name="id" type="int">  
 <generator class="assigned"></generator>  
 </id>  
 <property name="name" type="string"></property>  
 <property name="mobile" type="string"></property>  
 <property name="email" type="string"></property>  
 </class>  
         
 </hibernate-mapping>  